City_ID,City,Country,Date,Lat,Lng,Max Temp,Humidity,Cloudiness,Wind Speed
0,Butaritari,KI,2021-07-16 16:31:47,3.0707,172.7902,84.04,77,100,16.26
1,Bredasdorp,ZA,2021-07-16 16:31:47,-34.5322,20.0403,54.72,71,0,4.61
2,Malindi,KE,2021-07-16 16:31:48,-3.2175,40.1191,76.37,79,28,20.29
3,Kununurra,AU,2021-07-16 16:31:48,-15.7667,128.7333,64.38,72,67,2.3
4,Saint-Philippe,RE,2021-07-16 16:31:48,-21.3585,55.7679,69.39,78,48,13.38
5,Souillac,MU,2021-07-16 16:31:49,-20.5167,57.5167,71.98,73,40,11.5
6,Albany,US,2021-07-16 16:28:49,42.6001,-73.9662,87.46,65,61,1.99
7,Atuona,PF,2021-07-16 16:31:49,-9.8,-139.0333,77.77,70,10,22.35
8,Roma,US,2021-07-16 16:31:49,43.2128,-75.4557,79.12,68,75,9.22
9,Punta Arenas,CL,2021-07-16 16:31:50,-53.15,-70.9167,37.51,87,75,8.05
10,Hobart,AU,2021-07-16 16:31:50,-42.8794,147.3294,46.11,95,40,4.0
11,Saint George,US,2021-07-16 16:31:47,37.1041,-113.5841,90.36,57,1,3.0
12,Deputatskiy,RU,2021-07-16 16:31:51,69.3,139.9,48.29,57,46,5.21
13,Vaini,TO,2021-07-16 16:31:51,-21.2,-175.2,73.56,94,75,9.22
14,Lavrentiya,RU,2021-07-16 16:31:52,65.5833,-171.0,45.66,89,12,9.66
15,Sao Filipe,CV,2021-07-16 16:31:52,14.8961,-24.4956,74.84,80,11,7.4
16,Rikitea,PF,2021-07-16 16:31:52,-23.1203,-134.9692,72.05,67,0,6.6
17,Jamestown,US,2021-07-16 16:30:21,42.097,-79.2353,76.32,86,90,1.99
18,Khatanga,RU,2021-07-16 16:31:53,71.9667,102.5,39.6,75,23,7.05
19,Alice Springs,AU,2021-07-16 16:31:53,-23.7,133.8833,40.55,48,3,6.91
20,Ayan,RU,2021-07-16 16:31:53,56.45,138.1667,56.12,99,99,7.92
21,East London,ZA,2021-07-16 16:31:54,-33.0153,27.9116,56.34,67,0,4.61
22,Arraial Do Cabo,BR,2021-07-16 16:31:54,-22.9661,-42.0278,78.76,78,0,21.85
23,Victoria,HK,2021-07-16 16:27:46,22.2855,114.1577,85.32,88,93,3.0
24,Ushuaia,AR,2021-07-16 16:31:55,-54.8,-68.3,31.62,93,20,3.44
25,Busselton,AU,2021-07-16 16:31:55,-33.65,115.3333,46.09,77,100,3.74
26,Mahon,ES,2021-07-16 16:31:55,39.8885,4.2658,79.36,65,40,11.5
27,Severo-Kurilsk,RU,2021-07-16 16:31:56,50.6789,156.125,55.29,70,33,7.18
28,Cidreira,BR,2021-07-16 16:31:56,-30.1811,-50.2056,58.95,74,6,7.34
29,Georgetown,MY,2021-07-16 16:30:18,5.4112,100.3354,82.89,77,20,2.3
30,Vardo,NO,2021-07-16 16:31:57,70.3705,31.1107,62.8,82,75,9.22
31,Severodvinsk,RU,2021-07-16 16:31:18,64.5635,39.8302,69.91,82,27,9.13
32,Taoudenni,ML,2021-07-16 16:31:57,22.6783,-3.9836,112.93,12,54,5.41
33,Saldanha,ZA,2021-07-16 16:31:57,-33.0117,17.9442,59.05,61,0,8.97
34,Cape Town,ZA,2021-07-16 16:31:41,-33.9258,18.4232,60.35,65,0,6.91
35,Hermanus,ZA,2021-07-16 16:31:58,-34.4187,19.2345,47.8,68,0,3.58
36,Tasiilaq,GL,2021-07-16 16:32:00,65.6145,-37.6368,50.16,76,26,5.57
37,La Ronge,CA,2021-07-16 16:32:00,55.1001,-105.2842,67.86,46,52,9.17
38,Fort Nelson,CA,2021-07-16 16:30:12,58.8053,-122.7002,41.83,91,100,5.08
39,Pevek,RU,2021-07-16 16:32:00,69.7008,170.3133,35.69,88,16,4.41
40,Norman Wells,CA,2021-07-16 16:32:01,65.282,-126.8329,55.78,39,44,5.14
41,Yulara,AU,2021-07-16 16:32:01,-25.2406,130.9889,49.33,44,83,8.41
42,Basco,PH,2021-07-16 16:32:02,20.4487,121.9702,83.21,83,86,12.08
43,Memaliaj,AL,2021-07-16 16:32:02,40.3517,19.9803,83.08,41,0,9.89
44,Port Alfred,ZA,2021-07-16 16:32:03,-33.5906,26.891,60.04,38,0,10.96
45,Yellowknife,CA,2021-07-16 16:27:57,62.456,-114.3525,50.32,48,14,5.01
46,Teahupoo,PF,2021-07-16 16:32:03,-17.8333,-149.2667,66.16,67,69,21.56
47,Todos Santos,MX,2021-07-16 16:32:03,23.45,-110.2167,93.31,62,7,7.02
48,Longyearbyen,SJ,2021-07-16 16:32:04,78.2186,15.6401,49.84,71,75,4.61
49,Coquimbo,CL,2021-07-16 16:32:04,-29.9533,-71.3436,55.13,76,20,4.61
50,Baruun-Urt,MN,2021-07-16 16:32:05,46.6806,113.2792,69.69,54,98,12.01
51,Nikolskoye,RU,2021-07-16 16:32:05,59.7035,30.7861,82.29,60,6,3.8
52,Codrington,AU,2021-07-16 16:32:05,-38.2667,141.9667,48.18,86,95,21.79
53,Guozhen,CN,2021-07-16 16:32:06,34.3659,107.359,78.03,73,6,3.53
54,Hithadhoo,MV,2021-07-16 16:32:06,-0.6,73.0833,82.81,74,45,9.13
55,Valparaiso,CL,2021-07-16 16:32:06,-33.0393,-71.6273,61.03,52,0,10.36
56,Kuandian,CN,2021-07-16 16:32:07,40.7286,124.7847,69.94,92,0,1.36
57,Carnarvon,AU,2021-07-16 16:32:07,-24.8667,113.6333,64.04,55,99,15.32
58,Mataura,NZ,2021-07-16 16:32:07,-46.1927,168.8643,45.48,99,100,1.23
59,Fort Morgan,US,2021-07-16 16:30:27,40.2503,-103.8,86.81,47,1,5.75
60,Sao Joao Da Barra,BR,2021-07-16 16:32:08,-21.6403,-41.0511,86.09,54,3,6.31
61,Manta,EC,2021-07-16 16:29:25,-0.95,-80.7333,76.78,78,75,9.22
62,Te Anau,NZ,2021-07-16 16:32:09,-45.4167,167.7167,44.96,97,100,3.04
63,Diamantino,BR,2021-07-16 16:31:00,-14.4086,-56.4461,96.48,17,14,1.57
64,Ust-Tsilma,RU,2021-07-16 16:32:09,65.441,52.1498,66.4,51,80,4.72
65,Koumra,TD,2021-07-16 16:32:09,8.9126,17.5539,78.64,77,21,1.21
66,Komsomolskiy,UZ,2021-07-16 16:32:10,40.4272,71.7189,68.72,83,75,11.5
67,Hilo,US,2021-07-16 16:32:10,19.7297,-155.09,73.8,90,75,6.91
68,Kodiak,US,2021-07-16 16:32:11,57.79,-152.4072,59.07,76,98,4.23
69,Ancud,CL,2021-07-16 16:32:11,-41.8697,-73.8203,46.22,84,98,7.49
70,Mao,ES,2021-07-16 16:32:11,39.8885,4.2658,79.36,65,40,11.5
71,Tuktoyaktuk,CA,2021-07-16 16:32:12,69.4541,-133.0374,47.08,61,85,6.38
72,Bagdarin,RU,2021-07-16 16:32:12,54.4333,113.6,56.26,92,53,3.22
73,Hambantota,LK,2021-07-16 16:32:12,6.1241,81.1185,80.06,80,49,15.7
74,Cabo San Lucas,MX,2021-07-16 16:32:13,22.8909,-109.9124,93.81,55,1,3.0
75,Castro,BR,2021-07-16 16:32:13,-24.7911,-50.0119,57.61,99,100,1.28
76,Rorvik,NO,2021-07-16 16:32:13,64.8621,11.2373,60.78,96,99,20.67
77,Avarua,CK,2021-07-16 16:32:14,-21.2078,-159.775,75.25,88,40,8.05
78,Pokhara,NP,2021-07-16 16:32:14,28.2333,83.9833,73.8,85,98,2.39
79,Mar Del Plata,AR,2021-07-16 16:30:19,-38.0023,-57.5575,57.09,63,0,3.0
80,Nishihara,JP,2021-07-16 16:32:15,26.1842,127.7558,81.68,84,75,6.91
81,San Quintin,MX,2021-07-16 16:32:15,30.4833,-115.95,71.67,75,72,9.57
82,Kahului,US,2021-07-16 16:31:14,20.8947,-156.47,77.85,81,20,10.36
83,Upernavik,GL,2021-07-16 16:32:16,72.7868,-56.1549,45.82,64,100,19.26
84,Lashio,MM,2021-07-16 16:32:16,22.9333,97.75,69.24,99,100,0.58
85,Northam,GB,2021-07-16 16:32:16,51.0333,-4.2167,80.22,77,22,6.71
86,Kedrovyy,RU,2021-07-16 16:32:17,56.1667,91.8167,59.41,88,70,2.98
87,Paamiut,GL,2021-07-16 16:32:17,61.994,-49.6678,42.98,88,100,2.53
88,Ponta Do Sol,PT,2021-07-16 16:32:17,32.6667,-17.1,81.72,66,3,1.83
89,Lubartow,PL,2021-07-16 16:32:18,51.4603,22.6095,88.23,74,100,5.03
90,Koygorodok,RU,2021-07-16 16:32:18,60.445,50.9968,65.28,65,44,4.79
91,Khani,GE,2021-07-16 16:32:18,41.9563,42.9566,74.77,76,1,2.57
92,Hamilton,US,2021-07-16 16:27:31,39.1834,-84.5333,85.98,74,75,1.99
93,Hualmay,PE,2021-07-16 16:32:19,-11.0964,-77.6139,67.98,69,36,8.68
94,Airai,TL,2021-07-16 16:32:19,-8.9266,125.4092,56.17,61,63,2.42
95,Turayf,SA,2021-07-16 16:32:19,31.6725,38.6637,95.25,21,0,6.91
96,Ketchikan,US,2021-07-16 16:32:20,55.3422,-131.6461,55.87,94,90,5.75
97,Imbituba,BR,2021-07-16 16:32:20,-28.24,-48.6703,66.09,69,92,5.03
98,Kaitangata,NZ,2021-07-16 16:32:21,-46.2817,169.8464,46.99,97,100,0.09
99,Bonoua,CI,2021-07-16 16:32:21,5.2741,-3.595,78.42,84,97,9.31
100,Puerto Ayora,EC,2021-07-16 16:31:14,-0.7393,-90.3518,75.16,96,97,5.01
101,Sechura,PE,2021-07-16 16:32:21,-5.5569,-80.8222,74.7,59,11,9.6
102,Bambous Virieux,MU,2021-07-16 16:32:22,-20.3428,57.7575,71.85,73,40,11.5
103,Katubao,PH,2021-07-16 16:32:22,5.8892,124.8294,78.93,85,100,8.34
104,Bluff,NZ,2021-07-16 16:32:22,-46.6,168.3333,45.81,94,100,6.02
105,Puerto Cabezas,NI,2021-07-16 16:30:13,14.0351,-83.3888,85.96,79,75,9.22
106,Pimenta Bueno,BR,2021-07-16 16:32:23,-11.6725,-61.1936,98.73,22,2,1.59
107,Ati,TD,2021-07-16 16:32:23,13.2154,18.3353,90.73,39,33,3.76
108,Lagoa,PT,2021-07-16 16:32:24,39.05,-27.9833,67.51,71,10,15.05
109,Gat,IL,2021-07-16 16:31:03,31.61,34.7642,88.39,27,0,7.56
110,Ornskoldsvik,SE,2021-07-16 16:32:24,63.2909,18.7153,70.75,43,17,14.97
111,Sarmas,RO,2021-07-16 16:32:24,46.8833,25.4667,67.55,72,77,5.19
112,North Myrtle Beach,US,2021-07-16 16:32:25,33.816,-78.68,92.25,73,40,3.0
113,Churapcha,RU,2021-07-16 16:32:25,62.0025,132.4325,59.34,85,99,8.59
114,Kamenka,RU,2021-07-16 16:32:25,51.3223,42.7678,70.54,76,100,4.16
115,Aldan,RU,2021-07-16 16:32:26,58.6031,125.3894,48.09,92,99,4.25
116,Leningradskiy,RU,2021-07-16 16:32:26,69.3833,178.4167,35.74,97,100,9.64
117,Katsuura,JP,2021-07-16 16:32:26,35.1333,140.3,79.11,89,64,3.56
118,Tautira,PF,2021-07-16 16:32:27,-17.7333,-149.15,71.62,67,89,20.69
119,Ilulissat,GL,2021-07-16 16:32:27,69.2167,-51.1,51.82,54,40,8.05
120,Mahebourg,MU,2021-07-16 16:32:27,-20.4081,57.7,71.89,73,40,11.5
121,Apatity,RU,2021-07-16 16:32:28,67.5641,33.4031,62.96,53,34,10.02
122,Saint-Pierre,RE,2021-07-16 16:32:28,-21.3393,55.4781,69.48,72,0,16.11
123,Buchanan,LR,2021-07-16 16:32:29,5.8808,-10.0467,76.96,77,95,10.96
124,Tecate,MX,2021-07-16 16:32:29,32.5667,-116.6333,86.54,64,2,5.84
125,Mindelo,CV,2021-07-16 16:32:29,16.8901,-24.9804,80.15,61,20,20.71
126,Nurota,UZ,2021-07-16 16:32:30,40.5614,65.6886,78.89,20,74,10.71
127,Kamakwie,SL,2021-07-16 16:32:30,9.5,-12.2333,83.21,79,65,3.85
128,Qaanaaq,GL,2021-07-16 16:32:30,77.484,-69.3632,37.83,99,100,5.77
129,Merrill,US,2021-07-16 16:32:31,45.1805,-89.6835,75.58,69,40,0.0
130,Chuy,UY,2021-07-16 16:32:31,-33.6971,-53.4616,56.48,58,0,3.8
131,Broken Hill,AU,2021-07-16 16:32:09,-31.95,141.4333,48.51,65,78,25.41
132,Provideniya,RU,2021-07-16 16:32:32,64.3833,-173.3,46.98,98,100,8.14
133,Hovd,MN,2021-07-16 16:32:32,48.0056,91.6419,75.69,28,96,9.53
134,Tengzhou,CN,2021-07-16 16:32:32,35.0771,117.1518,79.72,92,99,13.58
135,Yura,PE,2021-07-16 16:32:33,-16.2522,-71.6797,68.52,13,0,8.05
136,Maxixe,MZ,2021-07-16 16:32:33,-23.8597,35.3472,64.96,68,82,11.16
137,Tabuk,PH,2021-07-16 16:32:33,17.4189,121.4443,75.29,91,90,3.04
138,Port Elizabeth,ZA,2021-07-16 16:32:33,-33.918,25.5701,63.1,55,0,2.3
139,Certeju De Sus,RO,2021-07-16 16:32:34,45.9667,22.9667,82.89,57,64,8.23
140,Bengkulu,ID,2021-07-16 16:32:34,-3.8004,102.2655,77.85,83,69,3.69
141,Rovaniemi,FI,2021-07-16 16:32:35,66.5,25.7167,67.41,45,0,9.22
142,Zaykovo,RU,2021-07-16 16:32:35,57.5613,62.7568,58.96,66,24,2.57
143,Eureka,US,2021-07-16 16:28:40,40.8021,-124.1637,56.93,89,26,1.99
144,Nome,US,2021-07-16 16:27:39,64.5011,-165.4064,48.27,81,90,6.91
145,Xiangxiang,CN,2021-07-16 16:27:43,27.7333,112.5333,84.25,64,100,3.47
146,Bethel,US,2021-07-16 16:32:36,41.3712,-73.414,92.19,66,1,3.0
147,Kabinda,CD,2021-07-16 16:32:36,-6.1333,24.4833,76.64,28,12,4.25
148,Zhigansk,RU,2021-07-16 16:32:36,66.7697,123.3711,58.98,53,93,10.58
149,Lebu,CL,2021-07-16 16:32:37,-37.6167,-73.65,50.94,69,18,16.91
150,Vesoul,FR,2021-07-16 16:32:37,47.5833,5.8333,72.41,91,68,11.41
151,New Norfolk,AU,2021-07-16 16:32:37,-42.7826,147.0587,45.75,91,84,2.77
152,Husavik,IS,2021-07-16 16:32:38,66.0449,-17.3389,58.91,92,100,11.43
153,Oksfjord,NO,2021-07-16 16:32:38,70.2396,22.3479,57.27,88,100,30.15
154,Altay,CN,2021-07-16 16:32:38,47.8667,88.1167,65.88,73,100,6.46
155,Atar,MR,2021-07-16 16:32:39,20.5169,-13.0499,102.99,20,5,11.97
156,Alugan,PH,2021-07-16 16:32:39,12.2188,125.4808,78.39,88,99,6.64
157,Atherton,GB,2021-07-16 16:32:40,53.5237,-2.4935,81.9,57,21,7.34
158,Flin Flon,CA,2021-07-16 16:32:40,54.7682,-101.865,80.53,37,63,11.3
159,Thompson,CA,2021-07-16 16:30:12,55.7435,-97.8558,87.37,31,93,9.82
160,Lumeje,AO,2021-07-16 16:32:41,-11.55,20.7833,70.65,28,0,3.53
161,Effingham,US,2021-07-16 16:29:23,32.3669,-81.3332,90.86,69,15,3.44
162,Kudahuvadhoo,MV,2021-07-16 16:32:41,2.6708,72.8944,82.96,75,14,7.38
163,Guerrero Negro,MX,2021-07-16 16:32:41,27.9769,-114.0611,74.73,63,75,11.9
164,Surab,PK,2021-07-16 16:32:42,28.4914,66.2585,79.52,50,100,10.96
165,Lata,PT,2021-07-16 16:32:42,40.1629,-8.3327,100.04,23,0,9.78
166,Kapaa,US,2021-07-16 16:32:42,22.0752,-159.319,79.12,81,75,1.01
167,Mitsamiouli,KM,2021-07-16 16:32:43,-11.3847,43.2844,78.17,66,35,9.84
168,Tiksi,RU,2021-07-16 16:32:43,71.6872,128.8694,40.39,95,99,3.04
169,Cabedelo,BR,2021-07-16 16:32:43,-6.9811,-34.8339,81.27,71,27,12.75
170,Lasa,IT,2021-07-16 16:32:44,46.6166,10.7002,70.68,81,100,5.44
171,Hobyo,SO,2021-07-16 16:32:44,5.3505,48.5268,77.29,77,48,32.1
172,Cockburn Town,TC,2021-07-16 16:32:45,21.4612,-71.1419,84.16,65,75,14.97
173,Torbay,CA,2021-07-16 16:32:45,47.6666,-52.7314,76.28,68,62,10.83
174,Tal,PK,2021-07-16 16:32:45,35.4791,72.2439,66.99,94,72,0.4
175,Wukari,NG,2021-07-16 16:32:46,7.85,9.7833,81.01,77,82,4.94
176,Port-Gentil,GA,2021-07-16 16:32:46,-0.7193,8.7815,78.76,73,75,12.66
177,Saskylakh,RU,2021-07-16 16:32:46,71.9167,114.0833,43.97,84,100,12.46
178,Kimbe,PG,2021-07-16 16:32:47,-5.5502,150.1429,76.93,89,100,4.63
179,Muroto,JP,2021-07-16 16:32:47,33.2833,134.15,76.55,85,97,14.94
180,Kaeo,NZ,2021-07-16 16:32:47,-35.1,173.7833,61.32,94,99,20.13
181,Manacapuru,BR,2021-07-16 16:30:17,-3.2997,-60.6206,88.38,60,23,1.92
182,Maldonado,UY,2021-07-16 16:32:48,-34.6667,-54.9167,56.59,53,0,5.86
183,Jinchang,CN,2021-07-16 16:32:48,38.4953,102.1739,79.16,42,7,6.51
184,Nanortalik,GL,2021-07-16 16:32:49,60.1432,-45.2371,49.75,74,78,5.61
185,Terre Haute,US,2021-07-16 16:32:49,39.4667,-87.4139,75.24,92,90,5.75
186,San Carlos De Bariloche,AR,2021-07-16 16:32:49,-41.1456,-71.3082,38.95,70,40,23.02
187,Koungou,YT,2021-07-16 16:32:50,-12.7336,45.2042,76.71,65,0,11.5
188,North Platte,US,2021-07-16 16:32:50,41.1239,-100.7654,75.09,73,90,5.75
189,Sananduva,BR,2021-07-16 16:32:50,-27.9497,-51.8067,62.92,61,17,3.02
190,Puerto Escondido,MX,2021-07-16 16:32:51,15.85,-97.0667,88.63,62,1,0.0
191,Kerema,PG,2021-07-16 16:27:53,-7.9631,145.7785,78.53,87,100,2.77
192,Xining,CN,2021-07-16 16:30:20,36.6167,101.7667,56.07,93,79,2.39
193,Plettenberg Bay,ZA,2021-07-16 16:32:51,-34.0527,23.3716,57.36,44,0,1.72
194,Caravelas,BR,2021-07-16 16:32:52,-17.7125,-39.2481,79.83,62,6,10.76
195,Bathsheba,BB,2021-07-16 16:32:52,13.2167,-59.5167,86.61,62,20,16.11
196,Mahibadhoo,MV,2021-07-16 16:32:52,3.7833,72.9667,82.69,78,24,8.99
197,Iqaluit,CA,2021-07-16 16:28:08,63.7506,-68.5145,65.7,52,100,11.99
198,Petropavlovsk-Kamchatskiy,RU,2021-07-16 16:32:53,53.0452,158.6483,52.39,100,75,2.24
199,Palia Kalan,IN,2021-07-16 16:32:53,28.45,80.5833,87.87,61,96,5.73
200,Paragominas,BR,2021-07-16 16:32:54,-2.9667,-47.4833,93.2,35,3,5.88
201,Prainha,BR,2021-07-16 16:32:54,-1.8,-53.48,88.02,54,34,4.63
202,Warkworth,NZ,2021-07-16 16:31:14,-36.4,174.6667,60.49,84,100,22.77
203,Olinda,BR,2021-07-16 16:28:06,-8.0089,-34.8553,73.13,88,90,5.75
204,Vila,PT,2021-07-16 16:32:55,42.0304,-8.1588,88.34,29,0,5.12
205,Tazovskiy,RU,2021-07-16 16:32:13,67.4667,78.7,50.49,63,100,9.91
206,Stokmarknes,NO,2021-07-16 16:32:55,68.5646,14.9108,55.49,93,75,6.91
207,Warrnambool,AU,2021-07-16 16:32:56,-38.3833,142.4833,46.81,80,79,27.47
208,Jalu,LY,2021-07-16 16:32:56,29.0331,21.5482,98.92,19,0,11.36
209,Bukachacha,RU,2021-07-16 16:32:56,52.9833,116.9167,61.43,78,41,2.89
210,Port Pirie,AU,2021-07-16 16:32:57,-33.1833,138.0167,50.58,78,88,26.26
211,Hay River,CA,2021-07-16 16:30:12,60.8156,-115.7999,48.38,54,73,5.99
212,Wamba,NG,2021-07-16 16:32:57,8.9333,8.6,79.34,78,98,1.54
213,Port Lincoln,AU,2021-07-16 16:32:58,-34.7333,135.8667,49.91,65,98,31.0
214,Baykit,RU,2021-07-16 16:32:58,61.67,96.37,61.63,69,65,2.01
215,Saint-Francois,FR,2021-07-16 16:32:58,46.4154,3.9054,70.18,73,90,17.27
216,San Cristobal,VE,2021-07-16 16:32:59,7.7669,-72.225,80.78,46,42,8.3
217,Ostersund,SE,2021-07-16 16:32:59,63.1792,14.6357,70.61,48,7,2.3
218,Nainpur,IN,2021-07-16 16:32:59,22.4333,80.1167,81.79,67,28,5.01
219,Ixtapa,MX,2021-07-16 16:33:00,20.7,-105.2,80.22,78,90,11.5
220,Komyshany,UA,2021-07-16 16:33:00,46.6372,32.5072,92.26,35,0,0.0
221,Messias,BR,2021-07-16 16:33:00,-9.3833,-35.8417,73.11,100,75,8.05
222,Moose Factory,CA,2021-07-16 16:33:01,51.2585,-80.6094,76.59,39,59,3.8
223,Lithgow,AU,2021-07-16 16:33:01,-33.4833,150.15,44.91,87,74,20.09
224,Kyren,RU,2021-07-16 16:33:01,51.6828,102.1408,61.68,85,64,2.1
225,Yanji,CN,2021-07-16 16:33:02,42.9075,129.5078,71.08,99,27,1.95
226,Heihe,CN,2021-07-16 16:32:07,50.2441,127.4902,73.98,67,30,6.71
227,Ivanteyevka,RU,2021-07-16 16:33:03,55.9711,37.9208,88.34,44,30,3.83
228,Iquique,CL,2021-07-16 16:33:03,-20.2208,-70.1431,60.84,67,10,7.94
229,Faanui,PF,2021-07-16 16:33:04,-16.4833,-151.75,80.01,64,70,24.2
230,Murbad,IN,2021-07-16 16:33:04,19.25,73.4,78.01,91,99,4.25
231,Barrow,US,2021-07-16 16:33:04,71.2906,-156.7887,51.82,76,1,12.66
232,Cortez,US,2021-07-16 16:33:05,37.3489,-108.5859,81.41,36,1,0.0
233,Holetown,BB,2021-07-16 16:33:05,13.1867,-59.6381,86.56,67,0,16.8
234,Buala,SB,2021-07-16 16:33:05,-8.145,159.5921,80.1,87,68,10.04
235,Calvinia,ZA,2021-07-16 16:33:06,-31.4707,19.776,52.56,17,0,6.15
236,Chivilcoy,AR,2021-07-16 16:33:06,-34.8957,-60.0167,60.03,66,19,4.0
237,Mwense,ZM,2021-07-16 16:33:06,-10.3845,28.698,68.92,37,0,5.97
238,Cherskiy,RU,2021-07-16 16:33:07,68.75,161.3,47.52,56,17,7.34
239,Cayenne,GF,2021-07-16 16:30:04,4.9333,-52.3333,87.84,62,20,4.61
240,Manicore,BR,2021-07-16 16:33:07,-5.8092,-61.3003,96.06,34,39,3.87
241,Sangmelima,CM,2021-07-16 16:33:08,2.9333,11.9833,72.19,88,78,3.2
242,Vila Velha,BR,2021-07-16 16:33:08,-20.3297,-40.2925,85.95,54,0,10.36
243,Vanimo,PG,2021-07-16 16:33:08,-2.6741,141.3028,77.14,90,97,3.58
244,Idaho Falls,US,2021-07-16 16:32:07,43.4666,-112.0341,83.62,52,1,1.01
245,Chokurdakh,RU,2021-07-16 16:33:09,70.6333,147.9167,54.45,55,100,6.98
246,Manzhouli,CN,2021-07-16 16:33:09,49.6,117.4333,69.89,58,100,3.8
247,Znamenskoye,RU,2021-07-16 16:33:09,57.1281,73.8282,51.91,99,100,4.41
248,Sorland,NO,2021-07-16 16:33:10,67.667,12.6934,53.67,92,100,23.24
249,Vagur,FO,2021-07-16 16:33:10,61.4732,-6.8119,51.57,93,91,28.61
250,San Patricio,US,2021-07-16 16:33:11,28.017,-97.5169,90.32,58,80,17.43
251,Mankapur,IN,2021-07-16 16:33:11,27.0333,82.2333,87.75,69,100,7.54
252,Mitu,CO,2021-07-16 16:33:11,1.1983,-70.1733,81.21,81,53,0.74
253,Beidao,CN,2021-07-16 16:33:12,34.5686,105.8933,69.37,87,43,3.51
254,Port Blair,IN,2021-07-16 16:33:12,11.6667,92.75,81.48,81,100,8.66
255,Bonthe,SL,2021-07-16 16:33:12,7.5264,-12.505,79.81,79,74,10.51
256,Xapuri,BR,2021-07-16 16:33:13,-10.6517,-68.5044,90.25,33,58,0.98
257,Mahanoro,MG,2021-07-16 16:33:13,-19.9,48.8,67.64,87,90,2.1
258,Belokurikha,RU,2021-07-16 16:33:13,51.9959,84.9896,58.24,93,4,7.11
259,Kieta,PG,2021-07-16 16:33:14,-6.2167,155.6333,79.39,85,94,6.91
260,Olafsvik,IS,2021-07-16 16:33:14,64.8945,-23.7142,50.61,92,100,8.34
261,Diffa,NE,2021-07-16 16:33:15,13.3154,12.6113,96.44,34,61,9.64
262,Yar-Sale,RU,2021-07-16 16:33:15,66.8333,70.8333,50.58,65,100,9.1
263,Ilhabela,BR,2021-07-16 16:33:15,-23.7781,-45.3581,70.3,82,92,5.08
264,Tacna,PE,2021-07-16 16:33:16,-18.0056,-70.2483,57.4,77,90,2.3
265,Ribeira Grande,PT,2021-07-16 16:33:16,38.5167,-28.7,72.0,60,40,16.11
266,Muros,ES,2021-07-16 16:33:16,42.7762,-9.0603,97.68,39,0,2.55
267,Stornoway,GB,2021-07-16 16:33:17,58.2093,-6.3865,67.96,68,40,16.11
268,Kruisfontein,ZA,2021-07-16 16:33:17,-34.0033,24.7314,60.89,53,0,1.36
269,Vieques,PR,2021-07-16 16:33:17,18.425,-65.8329,88.84,62,20,14.97
270,Sola,VU,2021-07-16 16:33:18,-13.8833,167.55,80.08,81,50,17.2
271,Buta,CD,2021-07-16 16:33:18,2.7858,24.73,74.71,84,96,1.25
272,Lucea,JM,2021-07-16 16:33:18,18.451,-78.1736,85.86,73,7,7.31
273,Grindavik,IS,2021-07-16 16:29:11,63.8424,-22.4338,54.07,76,75,17.27
274,Ascension,US,2021-07-16 16:33:19,30.2169,-90.9001,88.03,74,75,0.0
275,Matara,LK,2021-07-16 16:28:31,5.9485,80.5353,79.21,86,50,9.55
276,San Andres,CO,2021-07-16 16:33:19,12.5847,-81.7006,86.02,66,20,12.66
277,Halifax,CA,2021-07-16 16:32:47,44.6453,-63.5724,81.41,83,94,4.0
278,Portland,US,2021-07-16 16:32:45,45.5234,-122.6762,66.49,71,75,1.01
279,Moron,AR,2021-07-16 16:33:20,-34.6534,-58.6198,60.03,54,12,7.0
280,Braganca,BR,2021-07-16 16:33:20,-1.0536,-46.7656,83.07,77,19,5.82
281,Chapais,CA,2021-07-16 16:32:45,49.7834,-74.8492,68.74,50,62,11.23
282,Koumac,NC,2021-07-16 16:33:21,-20.5667,164.2833,71.17,85,5,2.51
283,Birao,CF,2021-07-16 16:33:21,10.2849,22.7882,81.63,60,76,1.16
284,Dikson,RU,2021-07-16 16:33:22,73.5069,80.5464,35.1,84,100,14.18
285,Gazojak,TM,2021-07-16 16:33:22,41.1875,61.4036,92.21,14,85,7.45
286,Meadow Lake,US,2021-07-16 16:30:12,34.8014,-106.5436,83.66,40,24,5.64
287,Asau,RO,2021-07-16 16:33:22,46.4333,26.4,83.32,67,42,3.6
288,Bac Lieu,VN,2021-07-16 16:33:23,9.285,105.7244,78.28,82,91,7.4
289,Gigmoto,PH,2021-07-16 16:33:23,13.7796,124.39,79.83,88,100,4.79
290,Laguna,US,2021-07-16 16:33:23,38.421,-121.4238,87.64,70,1,1.01
291,Klaksvik,FO,2021-07-16 16:33:24,62.2266,-6.589,52.72,84,64,26.64
292,Honningsvag,NO,2021-07-16 16:33:24,70.9821,25.9704,51.55,71,75,41.43
293,Faya,SA,2021-07-16 16:33:24,18.3851,42.4509,77.11,46,99,6.33
294,El Alto,PE,2021-07-16 16:33:25,-4.2714,-81.2147,71.26,63,12,17.72
295,Manzil Salim,TN,2021-07-16 16:33:25,35.8567,8.4765,91.4,35,5,19.91
296,Raver,IN,2021-07-16 16:33:26,21.25,76.0333,86.09,68,88,5.53
297,Zyryanka,RU,2021-07-16 16:33:26,65.75,150.85,60.91,65,100,2.48
298,Yarmouth,US,2021-07-16 16:33:26,41.7057,-70.2286,92.64,81,40,10.0
299,Izumo,JP,2021-07-16 16:33:27,35.3667,132.7667,82.35,81,94,6.17
300,Kavaratti,IN,2021-07-16 16:33:27,10.5669,72.642,82.62,78,95,16.78
301,San Francisco Del Mar,MX,2021-07-16 16:33:27,16.2333,-94.65,86.09,64,91,16.4
302,Palana,RU,2021-07-16 16:33:28,59.1167,159.9667,44.6,97,95,2.24
303,Shawnee,US,2021-07-16 16:33:28,39.05,-95.7669,77.63,85,90,1.99
304,Evensk,RU,2021-07-16 16:33:28,61.95,159.2333,50.41,93,81,3.15
305,Altamira,BR,2021-07-16 16:33:29,-3.2033,-52.2064,89.69,62,75,4.61
306,Koslan,RU,2021-07-16 16:33:29,63.4564,48.8989,66.74,73,81,2.95
307,Dombarovskiy,RU,2021-07-16 16:33:29,50.7587,59.5386,73.45,40,59,6.4
308,Hervey Bay,AU,2021-07-16 16:33:30,-25.2986,152.8535,60.04,85,3,11.01
309,Sitka,US,2021-07-16 16:33:30,57.0531,-135.33,55.29,88,75,3.44
310,Shimanovsk,RU,2021-07-16 16:33:30,52.0,127.7,63.57,68,0,7.78
311,Santa Fe,AR,2021-07-16 16:32:38,-31.6333,-60.7,62.42,43,0,10.11
312,Pasni,PK,2021-07-16 16:33:31,25.2631,63.471,85.93,81,46,5.57
313,Hofn,IS,2021-07-16 16:33:31,64.2539,-15.2082,55.42,76,20,19.57
314,Gayny,RU,2021-07-16 16:33:31,60.3071,54.3241,61.77,95,51,3.56
315,Portobelo,PA,2021-07-16 16:33:32,9.55,-79.65,88.83,79,99,10.09
316,Male,MV,2021-07-16 16:29:13,4.1748,73.5089,84.15,79,40,6.91
317,Monchegorsk,RU,2021-07-16 16:33:32,67.9397,32.8739,62.51,54,35,12.06
318,Rio Gallegos,AR,2021-07-16 16:33:33,-51.6226,-69.2181,37.45,100,90,14.97
319,Saint-Denis,FR,2021-07-16 16:33:33,48.9167,2.3333,74.84,60,75,9.22
320,Zalakomar,HU,2021-07-16 16:33:33,46.538,17.1809,84.18,39,75,8.05
321,Kavieng,PG,2021-07-16 16:33:34,-2.5744,150.7967,81.64,79,99,6.6
322,Qostanay,KZ,2021-07-16 16:33:34,53.1667,63.5833,70.09,64,40,2.24
323,La Union,PE,2021-07-16 16:33:34,-5.4,-80.75,78.49,49,13,10.42
324,Yerbogachen,RU,2021-07-16 16:33:35,61.2767,108.0108,64.22,67,75,5.01
325,Tarnobrzeg,PL,2021-07-16 16:33:35,50.573,21.6794,86.52,73,100,5.88
326,Kiama,AU,2021-07-16 16:33:35,-34.6833,150.8667,57.45,58,91,15.01
327,Chesley,CA,2021-07-16 16:33:36,44.2966,-81.0952,75.7,49,94,5.53
328,Nhulunbuy,AU,2021-07-16 16:33:36,-12.2333,136.7667,75.81,94,40,6.91
329,Henties Bay,NA,2021-07-16 16:33:36,-22.116,14.2845,63.3,58,11,13.51
330,Ust-Uda,RU,2021-07-16 16:33:12,54.1742,103.0304,67.8,66,99,1.68
331,Yumen,CN,2021-07-16 16:33:37,40.2833,97.2,82.54,20,0,8.66
332,Arti,RU,2021-07-16 16:33:37,56.4234,58.5328,60.91,91,96,1.95
333,Bahia Blanca,AR,2021-07-16 16:33:38,-38.7196,-62.2724,58.41,32,91,11.56
334,Falun,SE,2021-07-16 16:33:38,60.6036,15.626,78.94,54,0,3.04
335,Unecha,RU,2021-07-16 16:32:15,52.8459,32.6739,76.98,74,38,5.48
336,Esperance,AU,2021-07-16 16:33:39,-33.8667,121.9,55.17,80,98,8.25
337,Nuwara Eliya,LK,2021-07-16 16:28:51,6.9708,80.7829,57.09,92,74,4.41
338,Poronaysk,RU,2021-07-16 16:33:39,49.2167,143.1167,66.61,90,67,5.86
339,Gandevi,IN,2021-07-16 16:33:40,20.8167,72.9833,84.09,89,38,11.65
340,Cascais,PT,2021-07-16 16:33:40,38.6979,-9.4215,93.02,41,0,4.0
341,Walvis Bay,NA,2021-07-16 16:33:40,-22.9575,14.5053,85.15,11,0,9.22
342,Pindiga,NG,2021-07-16 16:33:41,9.9833,10.9333,81.7,67,100,6.42
343,Port Hawkesbury,CA,2021-07-16 16:33:41,45.6169,-61.3485,81.01,86,91,4.0
344,Kosamba,IN,2021-07-16 16:33:41,21.4833,72.95,83.91,87,41,11.63
345,Thai Nguyen,VN,2021-07-16 16:33:42,21.5928,105.8442,85.78,81,88,3.06
346,Brae,GB,2021-07-16 16:33:42,60.3964,-1.353,57.11,85,24,19.48
347,Nosy Varika,MG,2021-07-16 16:33:42,-20.5833,48.5333,67.87,85,61,2.73
348,High Level,CA,2021-07-16 16:33:43,58.5169,-117.136,53.89,48,94,5.5
349,Beloha,MG,2021-07-16 16:33:43,-25.1667,45.05,65.88,83,54,16.31
350,Dingle,PH,2021-07-16 16:33:43,10.9995,122.6711,75.67,89,98,4.16
351,Dawson Creek,CA,2021-07-16 16:33:44,55.7666,-120.2362,41.45,97,100,8.25
352,Narsaq,GL,2021-07-16 16:33:44,60.9167,-46.05,59.22,50,100,2.77
353,Praia,CV,2021-07-16 16:33:45,14.9215,-23.5087,81.14,61,20,11.5
354,Fagersta,SE,2021-07-16 16:33:45,60.0042,15.7932,78.98,39,0,3.22
355,Nouadhibou,MR,2021-07-16 16:33:45,20.931,-17.0347,73.38,78,4,20.71
356,Fare,PF,2021-07-16 16:33:46,-16.7,-151.0167,79.45,64,73,24.38
357,Mount Gambier,AU,2021-07-16 16:33:46,-37.8333,140.7667,46.98,80,99,20.07
358,La Asuncion,VE,2021-07-16 16:33:46,11.0333,-63.8628,85.73,70,9,17.27
359,Salalah,OM,2021-07-16 16:33:47,17.0151,54.0924,78.89,94,90,5.75
360,Vestmannaeyjar,IS,2021-07-16 16:33:47,63.4427,-20.2734,50.99,87,90,11.5
361,Sao Gabriel,BR,2021-07-16 16:29:55,-30.3364,-54.32,60.78,65,0,3.96
362,Tumbi,TZ,2021-07-16 16:33:47,-5.0667,32.7333,71.71,33,8,5.06
363,Comodoro Rivadavia,AR,2021-07-16 16:33:48,-45.8667,-67.5,51.66,46,0,14.97
364,Kashmor,PK,2021-07-16 16:33:48,28.4333,69.5833,103.01,34,91,8.12
365,Tymovskoye,RU,2021-07-16 16:33:48,50.8456,142.655,67.8,97,60,6.35
366,Jaru,BR,2021-07-16 16:33:49,-10.4389,-62.4664,97.03,24,0,4.59
367,Karratha,AU,2021-07-16 16:33:49,-20.7377,116.8463,65.82,28,25,12.53
368,Rio Bueno,CL,2021-07-16 16:33:49,-40.3167,-72.9667,42.94,89,92,5.95
369,Fria,GN,2021-07-16 16:33:50,10.4167,-13.5833,79.92,87,91,4.56
370,Port-Cartier,CA,2021-07-16 16:33:50,50.0334,-66.8654,64.17,91,98,12.44
371,Merritt Island,US,2021-07-16 16:33:50,28.5392,-80.672,91.18,69,20,8.05
372,Novocheremshansk,RU,2021-07-16 16:33:51,54.3571,50.1666,64.42,94,99,5.3
373,Piopio,NZ,2021-07-16 16:33:51,-38.4667,175.0167,58.96,96,100,9.48
374,Wanning,CN,2021-07-16 16:33:52,18.8003,110.3967,80.19,87,4,2.93
375,Sabha,LY,2021-07-16 16:33:52,27.0377,14.4283,102.72,12,1,11.3
376,Maiduguri,NG,2021-07-16 16:33:52,11.8464,13.1603,92.59,43,66,6.4
377,Firovo,RU,2021-07-16 16:33:53,57.4814,33.7021,76.8,70,41,2.51
378,Ensley,US,2021-07-16 16:33:53,30.5188,-87.2728,90.0,73,20,12.66
379,Isangel,VU,2021-07-16 16:33:53,-19.55,169.2667,75.56,91,34,8.88
380,Puerto Ayacucho,VE,2021-07-16 16:33:54,5.6639,-67.6236,75.11,94,100,2.13
381,Manutuke,NZ,2021-07-16 16:33:54,-38.6833,177.9167,60.98,70,93,17.83
382,Grand Gaube,MU,2021-07-16 16:33:54,-20.0064,57.6608,72.0,73,9,5.99
383,Sao Raimundo Das Mangabeiras,BR,2021-07-16 16:33:55,-7.0219,-45.4811,97.14,22,8,6.4
384,Homer,US,2021-07-16 16:33:55,59.6425,-151.5483,70.03,85,1,3.44
385,Galle,LK,2021-07-16 16:33:55,6.0367,80.217,79.7,86,35,9.6
386,Paramonga,PE,2021-07-16 16:33:56,-10.6667,-77.8333,68.34,68,48,8.99
387,West Bay,KY,2021-07-16 16:33:56,19.3667,-81.4167,88.0,71,20,3.0
388,Karonga,MW,2021-07-16 16:33:56,-9.9333,33.9333,70.41,71,7,10.78
389,Kihei,US,2021-07-16 16:33:57,20.785,-156.4656,77.85,81,20,10.36
390,Tarare,FR,2021-07-16 16:33:57,45.8976,4.4327,72.93,73,76,8.21
391,Capacuaro,MX,2021-07-16 16:33:57,19.55,-102.05,61.97,78,90,0.0
392,Necochea,AR,2021-07-16 16:33:58,-38.5473,-58.7368,57.56,43,98,13.67
393,Tirumullaivasal,IN,2021-07-16 16:33:58,11.2333,79.8333,84.9,67,98,8.23
394,Duluth,US,2021-07-16 16:33:58,46.7833,-92.1066,83.34,59,1,1.99
395,Beringovskiy,RU,2021-07-16 16:33:59,63.05,179.3167,46.94,93,98,11.23
396,Byron Bay,AU,2021-07-16 16:33:59,-28.65,153.6167,60.87,45,1,14.09
397,Harer,ET,2021-07-16 16:33:59,9.3094,42.1258,61.52,79,100,4.43
398,Meulaboh,ID,2021-07-16 16:34:00,4.1363,96.1285,77.79,89,28,3.69
399,Iquitos,PE,2021-07-16 16:30:56,-3.7481,-73.2472,87.84,70,75,5.75
400,Kirovskiy,RU,2021-07-16 16:34:00,45.0917,133.5136,68.52,94,0,3.27
401,Pecos,US,2021-07-16 16:30:16,31.4229,-103.4932,90.3,35,1,3.44
402,Wajid,SO,2021-07-16 16:34:01,3.8093,43.2471,83.88,36,24,15.73
403,Kaoma,ZM,2021-07-16 16:34:01,-14.7833,24.8,70.52,32,37,9.48
404,Namatanai,PG,2021-07-16 16:34:01,-3.6667,152.4333,79.25,86,69,6.24
405,Nhamunda,BR,2021-07-16 16:34:02,-2.1861,-56.7131,92.25,45,34,3.56
406,Naryan-Mar,RU,2021-07-16 16:34:02,67.6713,53.087,59.27,65,7,8.79
407,Port Hedland,AU,2021-07-16 16:34:03,-20.3167,118.5667,59.05,41,21,6.91
408,Ardabil,IR,2021-07-16 16:34:03,38.2498,48.2933,63.95,77,40,18.41
409,Gondanglegi,ID,2021-07-16 16:34:03,-7.7479,112.0132,73.83,85,59,10.65
410,Puksoozero,RU,2021-07-16 16:34:04,62.5903,40.6066,64.4,98,88,1.34
411,Buluang,PH,2021-07-16 16:34:04,13.3068,123.3425,78.42,91,75,4.38
412,Matai,TZ,2021-07-16 16:34:04,-8.3,31.5167,58.78,46,6,5.86
413,Nelson Bay,AU,2021-07-16 16:34:05,-32.7167,152.15,59.09,53,3,5.01
414,Aasiaat,GL,2021-07-16 16:34:05,68.7098,-52.8699,42.22,69,34,12.55
415,Issoire,FR,2021-07-16 16:34:05,45.55,3.25,61.86,94,100,6.64
416,Aljezur,PT,2021-07-16 16:34:06,37.3191,-8.8033,76.84,52,0,7.29
417,Ballina,AU,2021-07-16 16:34:06,-28.8667,153.5667,60.78,46,0,16.78
418,Nara,JP,2021-07-16 16:34:06,34.6851,135.8049,77.5,94,96,5.48
419,Shache,CN,2021-07-16 16:34:07,38.4167,77.2406,84.92,28,7,10.11
420,Gonbad-E Qabus,IR,2021-07-16 16:34:07,37.25,55.1672,81.55,75,93,9.69
421,Akdepe,TM,2021-07-16 16:34:07,42.0551,59.3788,89.6,19,91,5.82
422,Mareeba,AU,2021-07-16 16:34:08,-17.0,145.4333,64.49,95,72,1.5
423,Lakatoro,VU,2021-07-16 16:34:08,-16.0999,167.4164,78.71,85,37,8.66
424,Badarpur,IN,2021-07-16 16:34:08,24.9,92.6,78.13,97,100,1.97
425,Sakakah,SA,2021-07-16 16:34:09,29.9697,40.2064,101.77,13,0,13.76
426,Dubti,ET,2021-07-16 16:34:09,11.7361,41.0853,94.59,38,100,6.06
427,Porto Novo,BJ,2021-07-16 16:34:09,6.4965,2.6036,78.62,86,98,11.23
428,Shambu,ET,2021-07-16 16:34:10,9.5667,37.1,52.16,95,100,1.9
429,Hami,CN,2021-07-16 16:34:10,42.8,93.45,90.99,18,0,8.32
430,Gawler,AU,2021-07-16 16:34:10,-34.6,138.7333,49.51,81,100,24.65
431,Teguise,ES,2021-07-16 16:34:11,29.0605,-13.564,79.02,54,20,20.71
432,Punta,PH,2021-07-16 16:34:12,8.9897,125.34,77.67,87,100,2.53
433,Geraldton,AU,2021-07-16 16:34:12,-28.7667,114.6,55.81,94,75,3.44
434,Tuatapere,NZ,2021-07-16 16:34:12,-46.1333,167.6833,45.82,96,100,4.94
435,Santa Barbara,US,2021-07-16 16:33:12,34.7333,-120.0343,80.13,88,90,3.44
436,Saint Stephen,GB,2021-07-16 16:34:13,50.3333,-4.9,77.04,64,0,10.36
437,Puerto Suarez,BO,2021-07-16 16:34:13,-18.95,-57.8,70.36,52,75,6.91
438,Batsfjord,NO,2021-07-16 16:34:13,70.6345,29.7185,62.82,62,40,18.41
439,Stephenville,US,2021-07-16 16:34:14,32.2207,-98.2023,86.47,61,1,9.22
440,Srednekolymsk,RU,2021-07-16 16:34:14,67.45,153.6833,56.61,58,99,2.55
441,Joshimath,IN,2021-07-16 16:34:14,30.5667,79.5667,73.26,95,98,2.33
442,Mandalgovi,MN,2021-07-16 16:34:15,45.7625,106.2708,60.31,81,99,8.37
443,Lompoc,US,2021-07-16 16:34:15,34.6391,-120.4579,64.08,89,90,5.75
444,Alta Floresta,BR,2021-07-16 16:34:15,-9.8756,-56.0861,96.21,21,2,4.9
445,Ntoum,GA,2021-07-16 16:34:16,0.3833,9.7833,78.57,66,19,9.13
446,Dwarka,IN,2021-07-16 16:34:16,22.2394,68.9678,84.63,84,76,14.76
447,Gualeguay,AR,2021-07-16 16:34:16,-33.1416,-59.3097,58.95,56,1,10.18
448,Pak Phanang,TH,2021-07-16 16:34:17,8.3511,100.202,79.99,78,60,2.91
449,Harnosand,SE,2021-07-16 16:34:17,62.6323,17.9379,73.4,57,3,7.4
450,Escarcega,MX,2021-07-16 16:34:17,18.6089,-90.7454,95.67,36,80,2.08
451,Pemba,MZ,2021-07-16 16:34:18,-12.974,40.5178,77.7,73,40,19.57
452,Kirakira,SB,2021-07-16 16:34:18,-10.4544,161.9205,79.11,88,55,10.13
453,Clyde River,CA,2021-07-16 16:34:18,70.4692,-68.5914,40.86,84,100,9.08
454,Constitucion,CL,2021-07-16 16:34:19,-35.3333,-72.4167,54.37,64,84,14.14
455,Gizo,SB,2021-07-16 16:34:19,-8.103,156.8419,81.66,81,59,10.51
456,Nongan,CN,2021-07-16 16:34:19,44.382,125.1685,79.21,89,48,6.85
457,Shakawe,BW,2021-07-16 16:34:20,-18.3667,21.85,65.84,49,83,7.54
458,Mednogorsk,RU,2021-07-16 16:34:20,51.4128,57.595,70.45,48,100,4.41
459,Bayburt,TR,2021-07-16 16:34:21,40.2589,40.2278,71.02,52,47,3.53
460,Santa Rosa,PH,2021-07-16 16:32:33,14.3122,121.1114,82.38,85,100,3.33
461,Makat,KZ,2021-07-16 16:34:21,47.6469,53.3463,85.42,36,47,16.82
462,Tocopilla,CL,2021-07-16 16:34:21,-22.092,-70.1979,64.76,67,88,9.26
463,Barranca,PE,2021-07-16 16:34:22,-10.75,-77.7667,67.53,67,49,8.95
464,Kendari,ID,2021-07-16 16:34:22,-3.945,122.4989,73.8,94,100,2.19
465,Bara,NG,2021-07-16 16:34:22,10.3744,10.7288,83.98,65,95,8.55
466,Port Augusta,AU,2021-07-16 16:34:23,-32.5,137.7667,48.7,72,44,15.48
467,Kindu,CD,2021-07-16 16:34:23,-2.95,25.95,83.44,40,92,1.14
468,Morondava,MG,2021-07-16 16:34:23,-20.2833,44.2833,74.08,74,0,15.39
469,Namibe,AO,2021-07-16 16:34:24,-15.1961,12.1522,70.43,88,75,12.66
470,Berlevag,NO,2021-07-16 16:34:24,70.8578,29.0864,58.8,85,42,31.52
471,Port Macquarie,AU,2021-07-16 16:29:48,-31.4333,152.9167,59.9,49,0,10.83
472,Shuangcheng,CN,2021-07-16 16:34:25,45.35,126.2833,78.48,85,34,7.07
473,Kintampo,GH,2021-07-16 16:34:25,8.0563,-1.7306,81.54,69,100,6.24
474,Biscarrosse,FR,2021-07-16 16:34:25,44.3945,-1.1672,81.32,60,0,11.5
475,Qaqortoq,GL,2021-07-16 16:34:26,60.7167,-46.0333,59.5,63,100,4.36
476,Horta,PT,2021-07-16 16:30:13,38.5333,-28.6333,71.24,60,40,16.11
477,Masuguru,TZ,2021-07-16 16:34:26,-11.3667,38.4167,80.15,32,40,6.87
478,Cap Malheureux,MU,2021-07-16 16:31:07,-19.9842,57.6142,72.09,73,9,5.99
479,Marzuq,YE,2021-07-16 16:34:27,14.4,46.4667,85.3,34,100,13.58
480,Sioux Lookout,CA,2021-07-16 16:34:27,50.1001,-91.917,85.23,28,48,8.59
481,Vostok,RU,2021-07-16 16:34:27,46.4856,135.8833,67.15,95,1,4.54
482,Fortuna,US,2021-07-16 16:34:28,40.5982,-124.1573,56.93,91,90,4.61
483,Winnemucca,US,2021-07-16 16:34:28,40.973,-117.7357,80.65,17,1,6.91
484,Weligama,LK,2021-07-16 16:34:29,5.9667,80.4167,79.11,86,49,9.33
485,Oktyabrskiy,RU,2021-07-16 16:34:29,54.4815,53.471,71.78,55,67,1.34
486,Excelsior Springs,US,2021-07-16 16:34:29,39.3392,-94.2261,80.94,84,23,4.36
487,Rabaul,PG,2021-07-16 16:34:30,-4.1967,152.1721,80.38,81,84,10.67
488,Krasnoselkup,RU,2021-07-16 16:34:30,65.7,82.4667,55.27,87,100,10.25
489,Tezpur,IN,2021-07-16 16:34:30,26.6333,92.8,78.33,93,67,0.89
490,Ginir,ET,2021-07-16 16:34:31,7.1333,40.7,60.64,77,100,4.83
491,Korla,CN,2021-07-16 16:34:31,41.7597,86.1469,89.1,24,0,5.75
492,Nemuro,JP,2021-07-16 16:34:31,43.3236,145.575,61.43,99,100,8.59
493,Lamar,US,2021-07-16 16:34:32,33.6668,-95.5836,86.65,78,90,12.66
494,Hirado,JP,2021-07-16 16:34:32,33.3597,129.5531,76.39,81,47,7.92
495,Gueugnon,FR,2021-07-16 16:34:32,46.6036,4.0629,70.68,82,99,5.93
496,Pangnirtung,CA,2021-07-16 16:34:32,66.1451,-65.7125,61.72,51,4,3.91
497,Dagua,CO,2021-07-16 16:34:33,3.6569,-76.6886,82.9,77,84,4.56
498,Kharp,RU,2021-07-16 16:34:33,66.8014,65.8081,55.85,71,100,5.08
499,Tara,RU,2021-07-16 16:34:34,56.8944,74.371,51.44,99,100,4.59
500,Sindor,RU,2021-07-16 16:34:34,62.8629,51.8905,65.59,64,87,2.82
501,Namanga,KE,2021-07-16 16:34:34,-2.5433,36.7905,67.62,48,28,6.67
502,Pisz,PL,2021-07-16 16:34:35,53.6274,21.8125,73.65,68,22,0.58
503,Angoche,MZ,2021-07-16 16:34:35,-16.2325,39.9086,73.98,59,67,15.35
504,El Molino,CO,2021-07-16 16:34:36,10.6523,-72.924,95.68,42,96,4.32
505,Nikki,BJ,2021-07-16 16:34:36,9.9401,3.2108,85.37,62,100,4.36
506,Constantine,DZ,2021-07-16 16:34:36,36.365,6.6147,85.41,34,20,9.22
507,Santa Isabel Do Rio Negro,BR,2021-07-16 16:34:37,-0.4139,-65.0192,86.85,60,65,4.65
508,Kralendijk,BQ,2021-07-16 16:34:37,12.15,-68.2667,87.78,70,75,17.27
509,Raja Jang,PK,2021-07-16 16:34:37,31.2208,74.2519,91.53,43,29,5.39
510,Jyvaskyla,FI,2021-07-16 16:34:38,62.2415,25.7209,71.96,42,0,10.36
511,Mehamn,NO,2021-07-16 16:34:38,71.0357,27.8492,51.98,87,75,29.93
512,Grimshaw,CA,2021-07-16 16:34:38,56.1834,-117.6027,47.01,80,100,10.65
513,Raudeberg,NO,2021-07-16 16:34:39,61.9875,5.1352,65.98,93,100,22.48
514,Barra Do Corda,BR,2021-07-16 16:34:39,-5.5,-45.25,97.93,24,27,5.66
515,Herrin,US,2021-07-16 16:34:39,37.8031,-89.0276,84.0,77,75,8.05
516,Marysville,US,2021-07-16 16:30:37,48.0518,-122.1771,61.99,88,90,4.0
517,Santa Cruz Del Sur,CU,2021-07-16 16:34:40,20.7147,-77.9956,85.37,65,7,12.37
518,Fenoarivo,MG,2021-07-16 16:34:40,-18.933,47.4354,57.27,77,20,11.5
519,Zaranj,AF,2021-07-16 16:34:40,30.9667,61.8833,100.36,26,10,10.16
520,Podgorenskiy,RU,2021-07-16 16:34:41,50.405,39.6429,69.75,93,95,3.0
521,Mpulungu,ZM,2021-07-16 16:34:41,-8.7623,31.1141,74.66,42,13,11.25
522,Mount Isa,AU,2021-07-16 16:31:05,-20.7333,139.5,51.57,46,4,1.14
523,Dongsheng,CN,2021-07-16 16:34:42,39.8161,109.9776,74.44,62,57,12.39
524,Samarai,PG,2021-07-16 16:34:42,-10.6167,150.6667,80.06,89,64,9.55
525,Piacabucu,BR,2021-07-16 16:34:43,-10.4056,-36.4344,79.34,64,60,9.35
526,Yatou,CN,2021-07-16 16:34:44,37.15,122.3833,72.95,96,1,4.56
527,Prince Rupert,CA,2021-07-16 16:31:22,54.3161,-130.3201,56.77,96,100,1.21
528,Araouane,ML,2021-07-16 16:34:44,18.9048,-3.5265,106.81,16,88,15.17
529,Dabakala,CI,2021-07-16 16:34:45,8.3667,-4.4333,85.01,63,96,2.75
530,Yamada,JP,2021-07-16 16:34:45,39.4667,141.95,72.82,93,5,3.76
531,Ngunguru,NZ,2021-07-16 16:34:45,-35.6167,174.5,61.16,86,100,27.85
532,Zhigalovo,RU,2021-07-16 16:34:46,54.8097,105.1578,64.02,73,100,2.24
533,Liepaja,LV,2021-07-16 16:34:46,56.5419,21.0367,78.85,73,9,5.75
534,Mansa,IN,2021-07-16 16:34:46,29.9833,75.3833,94.89,46,46,5.64
535,College,US,2021-07-16 16:34:47,64.8569,-147.8028,61.29,67,75,0.0
536,Jaisalmer,IN,2021-07-16 16:34:47,26.9147,70.9181,95.31,48,86,10.04
